<ImportExportXml version="9.0.0000.3172" SolutionPackageVersion="9.0" languagecode="1033" generatedBy="CrmLive" xmlns:xsi="http://www.w3.org/2001/XMLSchema-instance">
  <SolutionManifest>
    <UniqueName>DCRMEditableGrid</UniqueName>
    <LocalizedNames>
      <LocalizedName description="D CRM Editable Grid" languagecode="1033" />
    </LocalizedNames>
    <Descriptions>
      <Description description="A zero code editable grid for CRM 2013, 2015, 2016, and 365." languagecode="1033" />
    </Descriptions>
    <Version>1.0.6.8</Version>
    <Managed>1</Managed>
    <ConfigurationPage>dcrmeg_solutionconfig</ConfigurationPage>
    <Publisher>
      <UniqueName>mehrdadhatteffi</UniqueName>
      <LocalizedNames>
        <LocalizedName description="Mehrdad Hatteffi" languagecode="1033" />
      </LocalizedNames>
      <Descriptions />
      <EMailAddress>mehrhat@gmail.com</EMailAddress>
      <SupportingWebsiteUrl xsi:nil="true"></SupportingWebsiteUrl>
      <CustomizationPrefix>dcrmeg</CustomizationPrefix>
      <CustomizationOptionValuePrefix>10000</CustomizationOptionValuePrefix>
      <Addresses>
        <Address>
          <AddressNumber>1</AddressNumber>
          <AddressTypeCode>1</AddressTypeCode>
          <City>Ottawa</City>
          <County xsi:nil="true"></County>
          <Country>Canada</Country>
          <Fax xsi:nil="true"></Fax>
          <FreightTermsCode xsi:nil="true"></FreightTermsCode>
          <ImportSequenceNumber xsi:nil="true"></ImportSequenceNumber>
          <Latitude xsi:nil="true"></Latitude>
          <Line1 xsi:nil="true"></Line1>
          <Line2 xsi:nil="true"></Line2>
          <Line3 xsi:nil="true"></Line3>
          <Longitude xsi:nil="true"></Longitude>
          <Name xsi:nil="true"></Name>
          <PostalCode xsi:nil="true"></PostalCode>
          <PostOfficeBox xsi:nil="true"></PostOfficeBox>
          <PrimaryContactName xsi:nil="true"></PrimaryContactName>
          <ShippingMethodCode>1</ShippingMethodCode>
          <StateOrProvince>Ontario</StateOrProvince>
          <Telephone1 xsi:nil="true"></Telephone1>
          <Telephone2 xsi:nil="true"></Telephone2>
          <Telephone3 xsi:nil="true"></Telephone3>
          <TimeZoneRuleVersionNumber xsi:nil="true"></TimeZoneRuleVersionNumber>
          <UPSZone xsi:nil="true"></UPSZone>
          <UTCOffset xsi:nil="true"></UTCOffset>
          <UTCConversionTimeZoneCode xsi:nil="true"></UTCConversionTimeZoneCode>
        </Address>
        <Address>
          <AddressNumber>2</AddressNumber>
          <AddressTypeCode>1</AddressTypeCode>
          <City xsi:nil="true"></City>
          <County xsi:nil="true"></County>
          <Country xsi:nil="true"></Country>
          <Fax xsi:nil="true"></Fax>
          <FreightTermsCode xsi:nil="true"></FreightTermsCode>
          <ImportSequenceNumber xsi:nil="true"></ImportSequenceNumber>
          <Latitude xsi:nil="true"></Latitude>
          <Line1 xsi:nil="true"></Line1>
          <Line2 xsi:nil="true"></Line2>
          <Line3 xsi:nil="true"></Line3>
          <Longitude xsi:nil="true"></Longitude>
          <Name xsi:nil="true"></Name>
          <PostalCode xsi:nil="true"></PostalCode>
          <PostOfficeBox xsi:nil="true"></PostOfficeBox>
          <PrimaryContactName xsi:nil="true"></PrimaryContactName>
          <ShippingMethodCode>1</ShippingMethodCode>
          <StateOrProvince xsi:nil="true"></StateOrProvince>
          <Telephone1 xsi:nil="true"></Telephone1>
          <Telephone2 xsi:nil="true"></Telephone2>
          <Telephone3 xsi:nil="true"></Telephone3>
          <TimeZoneRuleVersionNumber xsi:nil="true"></TimeZoneRuleVersionNumber>
          <UPSZone xsi:nil="true"></UPSZone>
          <UTCOffset xsi:nil="true"></UTCOffset>
          <UTCConversionTimeZoneCode xsi:nil="true"></UTCConversionTimeZoneCode>
        </Address>
      </Addresses>
    </Publisher>
    <RootComponents>
      <RootComponent type="1" schemaName="dcrmeg_dcrmegconfiguration" behavior="0" />
      <RootComponent type="1" schemaName="dcrmeg_dcrmegtranslation" behavior="0" />
      <RootComponent type="9" schemaName="dcrmeg_fieldsdisplayoptions" behavior="0" />
      <RootComponent type="61" schemaName="dcrmeg_addnew" behavior="0" />
      <RootComponent type="61" schemaName="dcrmeg_addnewhover" behavior="0" />
      <RootComponent type="61" schemaName="dcrmeg_aes" behavior="0" />
      <RootComponent type="61" schemaName="dcrmeg_aggregate" behavior="0" />
      <RootComponent type="61" schemaName="dcrmeg_barebonetip" behavior="0" />
      <RootComponent type="61" schemaName="dcrmeg_calendar" behavior="0" />
      <RootComponent type="61" schemaName="dcrmeg_clone" behavior="0" />
      <RootComponent type="61" schemaName="dcrmeg_close24" behavior="0" />
      <RootComponent type="61" schemaName="dcrmeg_configformcss" behavior="0" />
      <RootComponent type="61" schemaName="dcrmeg_configformhtml" behavior="0" />
      <RootComponent type="61" schemaName="dcrmeg_configformiframejs" behavior="0" />
      <RootComponent type="61" schemaName="dcrmeg_configformjs" behavior="0" />
      <RootComponent type="61" schemaName="dcrmeg_csv16" behavior="0" />
      <RootComponent type="61" schemaName="dcrmeg_dcrmeg" behavior="0" />
      <RootComponent type="61" schemaName="dcrmeg_dcrmeghtml" behavior="0" />
      <RootComponent type="61" schemaName="dcrmeg_delete" behavior="0" />
      <RootComponent type="61" schemaName="dcrmeg_deletecan16" behavior="0" />
      <RootComponent type="61" schemaName="dcrmeg_deletehover" behavior="0" />
      <RootComponent type="61" schemaName="dcrmeg_editablegrid16" behavior="0" />
      <RootComponent type="61" schemaName="dcrmeg_editbalegridicon32" behavior="0" />
      <RootComponent type="61" schemaName="dcrmeg_editproperty16" behavior="0" />
      <RootComponent type="61" schemaName="dcrmeg_error" behavior="0" />
      <RootComponent type="61" schemaName="dcrmeg_excel" behavior="0" />
      <RootComponent type="61" schemaName="dcrmeg_export16" behavior="0" />
      <RootComponent type="61" schemaName="dcrmeg_filter" behavior="0" />
      <RootComponent type="61" schemaName="dcrmeg_filterclearall" behavior="0" />
      <RootComponent type="61" schemaName="dcrmeg_filterhover" behavior="0" />
      <RootComponent type="61" schemaName="dcrmeg_find" behavior="0" />
      <RootComponent type="61" schemaName="dcrmeg_first" behavior="0" />
      <RootComponent type="61" schemaName="dcrmeg_firstgrey" behavior="0" />
      <RootComponent type="61" schemaName="dcrmeg_info" behavior="0" />
      <RootComponent type="61" schemaName="dcrmeg_info24" behavior="0" />
      <RootComponent type="61" schemaName="dcrmeg_jqdtpj" behavior="0" />
      <RootComponent type="61" schemaName="dcrmeg_jqmw" behavior="0" />
      <RootComponent type="61" schemaName="dcrmeg_jquery2" behavior="0" />
      <RootComponent type="61" schemaName="dcrmeg_jquerysortable" behavior="0" />
      <RootComponent type="61" schemaName="dcrmeg_jszip" behavior="0" />
      <RootComponent type="61" schemaName="dcrmeg_last" behavior="0" />
      <RootComponent type="61" schemaName="dcrmeg_lastgrey" behavior="0" />
      <RootComponent type="61" schemaName="dcrmeg_lock" behavior="0" />
      <RootComponent type="61" schemaName="dcrmeg_lockhover" behavior="0" />
      <RootComponent type="61" schemaName="dcrmeg_minus16" behavior="0" />
      <RootComponent type="61" schemaName="dcrmeg_minushover16" behavior="0" />
      <RootComponent type="61" schemaName="dcrmeg_next" behavior="0" />
      <RootComponent type="61" schemaName="dcrmeg_nextgrey" behavior="0" />
      <RootComponent type="61" schemaName="dcrmeg_openrec" behavior="0" />
      <RootComponent type="61" schemaName="dcrmeg_pdf16" behavior="0" />
      <RootComponent type="61" schemaName="dcrmeg_pdfmake" behavior="0" />
      <RootComponent type="61" schemaName="dcrmeg_pdfmakefonts" behavior="0" />
      <RootComponent type="61" schemaName="dcrmeg_prev" behavior="0" />
      <RootComponent type="61" schemaName="dcrmeg_prevgrey" behavior="0" />
      <RootComponent type="61" schemaName="dcrmeg_product" behavior="0" />
      <RootComponent type="61" schemaName="dcrmeg_productassociation" behavior="0" />
      <RootComponent type="61" schemaName="dcrmeg_productbundle" behavior="0" />
      <RootComponent type="61" schemaName="dcrmeg_productfamily" behavior="0" />
      <RootComponent type="61" schemaName="dcrmeg_record" behavior="0" />
      <RootComponent type="61" schemaName="dcrmeg_refresh16" behavior="0" />
      <RootComponent type="61" schemaName="dcrmeg_save" behavior="0" />
      <RootComponent type="61" schemaName="dcrmeg_saveani" behavior="0" />
      <RootComponent type="61" schemaName="dcrmeg_savehover" behavior="0" />
      <RootComponent type="61" schemaName="dcrmeg_select2js" behavior="0" />
      <RootComponent type="61" schemaName="dcrmeg_settings" behavior="0" />
      <RootComponent type="61" schemaName="dcrmeg_site" behavior="0" />
      <RootComponent type="61" schemaName="dcrmeg_solutionconfig" behavior="0" />
      <RootComponent type="61" schemaName="dcrmeg_sort" behavior="0" />
      <RootComponent type="61" schemaName="dcrmeg_sortable" behavior="0" />
      <RootComponent type="61" schemaName="dcrmeg_sortasc" behavior="0" />
      <RootComponent type="61" schemaName="dcrmeg_sortdesc" behavior="0" />
      <RootComponent type="61" schemaName="dcrmeg_sortdown" behavior="0" />
      <RootComponent type="61" schemaName="dcrmeg_sortup" behavior="0" />
      <RootComponent type="61" schemaName="dcrmeg_spectrum" behavior="0" />
      <RootComponent type="61" schemaName="dcrmeg_spectrumjs" behavior="0" />
      <RootComponent type="61" schemaName="dcrmeg_spinner" behavior="0" />
      <RootComponent type="61" schemaName="dcrmeg_tabsectiondown" behavior="0" />
      <RootComponent type="61" schemaName="dcrmeg_tabsectionright" behavior="0" />
      <RootComponent type="61" schemaName="dcrmeg_testgridcallback" behavior="0" />
      <RootComponent type="61" schemaName="dcrmeg_undo" behavior="0" />
      <RootComponent type="61" schemaName="dcrmeg_undoall" behavior="0" />
      <RootComponent type="61" schemaName="dcrmeg_webapisdk" behavior="0" />
      <RootComponent type="61" schemaName="dcrmeg_writeinproduct" behavior="0" />
      <RootComponent type="61" schemaName="dcrmeg_xdate" behavior="0" />
      <RootComponent type="61" schemaName="dcrmeg_xrmservicetoolkit" behavior="0" />
    </RootComponents>
    <MissingDependencies />
  </SolutionManifest>
</ImportExportXml>